path	bytes	git_blob_sha
prefix/part-001.b64	18000	d0fe969d95e542e16a7e3405254a83f7d9cb4d9c
prefix/part-002.b64	18000	5b829f2af0e3dd18a0780dc6453e2dc1ec5b5fc7
prefix/part-003.b64	18000	92e72046d2010337e47d48605ac609bd7e156d5f
prefix/part-004.b64	18000	9e89168d79a44c9292b9c23b3851a8bc9a9f8987
prefix/part-005.b64	18000	d83aef52ce4b7318ca1a27a25b8faa4dde307341
prefix/part-006.b64	18000	7f116b3415fb19d38118915504c9ce179c095804
prefix/part-007.b64	18000	d248b4d8b12e3963e243ac2315fb3d0be1f8a3be
prefix/part-008.b64	18000	dc1dc26d64e758e19fd7482c95c832b627479881
prefix/part-009.b64	18000	e8e02dffa88c31571baedb2dd432a4d9951edbc8
prefix/part-010.b64	18000	6b755e83d2777a44ab7365290106dbe492ed8518
prefix/part-011.b64	7500	f34eb3aacaa97a94e14b62c86643461708273595
prefix/part-012.b64	7500	7f5aa1e214385d7c9a69c62448da70de1a33f225
prefix/part-013.b64	7500	1399e50eb8b9f834046d81644ff04d62abdc4279
prefix/part-014.b64	7500	0e566c178d7b0d96e425f56983218794661ba3df
prefix/part-015.b64	7500	abe7db885c7c2009c6428aaeecf2ce884c65374c
prefix/part-016.b64	7500	edb391209e78788349e433d4e150ce8fe9342850
prefix/part-017.b64	7500	ab208c25225cd5f1740c1a30e8111be306b73cd2
prefix/part-018.b64	7500	3d2c520d8f8cdbe5992e3b9915e23ad66a9bb645
prefix/part-019.b64	7500	9f9ccbf271e19a42b400829928c8eec3a1599c0d
prefix/part-020.b64	7500	0f5489059543af3ef6b82f21f954f0e2aab7747e
prefix/part-021.b64	7500	edb3cf5e0bad38ed37b637a7ba1024da42767a33
prefix/part-022.b64	7500	65e658af47d8775a538e56881384f8499e2d00c3
prefix/part-023.b64	7500	fc14d654ac1888cc063a17f838af770438292b89
prefix/part-024.b64	7500	91c62a95ff1c05cd5599aa00db8fa464576dbc1b
prefix/part-025.b64	7500	7eacfde01153a198207317803d109b0101a0f4a2
prefix/part-026.b64	7500	eaf7c3571782d4818f714e8f29722317cad99470
prefix/part-027.b64	7500	40ab5f287a6b56dd345a9a8d9c22f6db40a63a72
prefix/part-028.b64	7500	68adeb35caf783f9d89ba8e6fd7a5482861683b5
prefix/part-029.b64	7500	0be0cd783417c1f9c02fb34e4604569d53a87451
prefix/part-030.b64	7500	05e1690c15724e830d8e87f0b8ad2002ab6ae125
prefix/part-031.b64	7500	dae7ed4d2bc1965cbb2547f08b95c317874aa6d8
prefix/part-032.b64	7500	b9607a57d6b6acf74fcb6f58320fc580b70daf03
prefix/part-033.b64	7500	4215beb8973d0a7456697ec569e2eeb518bd1075
prefix/part-034.b64	7500	5d92f022c87cd86e31cbdc295fea2b6dec22b2ec
prefix/part-035.b64	7500	310fd348ef12e8e41f6827c4f4542e20e872ed57
prefix/part-036.b64	7500	6f5b1cae93f5ca0050e99b722d75dbbcde192016
prefix/part-037.b64	7500	cfa8de80725cd4f571e2f641ba8350cf5bcb9977
bridge/part-001.b64	2000	26aef7ede2f76633621d1da69835399a0d5d1fa7
bridge/part-002.b64	2000	41679c4d3d3e7bcab864e7fd7cbc22adfa99a1e4
bridge/part-003.b64	2000	0c7e0fa7bd30a2823d45d753502c811025fbee52
bridge/part-004a.b64	1000	fa1d688935a55b4463e46cd56179f002290d7670
bridge/part-004b.b64	1000	3f0d6714f5f5e2e4b272ceb618592b53521bfc7b
bridge/part-005.b64	2000	1802cac83c35e8d6ef87dfe72c23a39ea27398fe
bridge/part-006.b64	2000	12cbf46959264d35c380b70ecfe5cd1a60c1c188
bridge/part-007.b64	2000	444ef3a90caa7d23b619ed345005ae09237399f1
bridge/part-008.b64	1000	f11e63255923fa79c3b9e78c9bee35c0cdc14098
packed/packed-001.txt	7800	8e030bf31dc2af875fdec22f843fba0badffb728
packed/packed-002.txt	7800	bc8f6fff968c543d8cae8ab451787814b668ffa9
packed/packed-003.txt	7800	7493a38f6fbcd2f0149b5af9d1bae1b342edd0b0
packed/packed-004.txt	7800	b85e346f2a7ac3e22d07ff52f4455d0270ca974f
packed/packed-005.txt	7800	a948c1d0565216768d48e66e108dd4a8d8c1faac
packed/packed-006.txt	7800	607811576e7e86bc035b49a5f7a405c33d4c1eef
packed/packed-007.txt	7800	7cd86d8496173f2c7f3c9bf65154d5bda87c63a1
packed/packed-008.txt	7800	a1ae93b7805da4510400d53dc91e1e5e3b6f2a86
packed/packed-009.txt	7800	926891b76e40cb1e9fb2fef2be1a4d279a7299fc
packed/packed-010.txt	7800	3586f7db61783abed3f7b6d790ccd263d86a43cf
packed/packed-011.txt	7800	8320be48803061edf4975b06c650bde37c9c6d46
packed/packed-012.txt	7800	9d138cde1e04c48ba41fa0d0b21d016f24463b1b
packed/packed-013.txt	7800	ad9fbce3512454520a46b254c8166be7fb038a7e
packed/packed-014.txt	7800	10fc43f63cb0c5ea1a5d3fb6d2fc4859c41fdb6e
packed/packed-015.txt	7800	16e747336f7692fd06dbf1656201cd7cf64af269
packed/packed-016.txt	7800	b88f9e4b7ab14ab9d7ee605a064e44d28076b26e
packed/packed-017.txt	7800	32af21561bdf9633776d6f37fd22d2128683b48c
packed/packed-018.txt	7800	3563afe9dd9cf2a306385a0dce2d71bdd4bcbce9
packed/packed-019.txt	7800	4e6ddc39a6cf5bfd1c77e0af25b6f3a86fb384c4
ascii/part-001.b64	2000	b9e08507f4c358dcdc0eb57377772dc3b7e5f89c
ascii/part-002.b64	2000	c4dd733dc2b8e5a0e6ad26aa3ebba37749fef88f
ascii/part-003.b64	2000	9dadebe6d40be2bdb9c3a6eabca0a38177dae0b1
ascii/part-004.b64	2000	d8c3fd7b8151df97f9988df415e81b70ddc2a079
ascii/part-005.b64	2000	0bebe48e545cafbe13f23ffbad3d3e29f2d0a372
ascii/part-006.b64	2000	d95990f38369c6daab6b70c232bd249a66f0ce00
ascii/part-007.b64	2000	0431e04e4dca0996db8e91c9da6303d02f9d6e5d
ascii/part-008.b64	2000	74f7ec59e7c964a2b5eb6d6a2ac9b65bb8e6320b
ascii/part-009.b64	2000	393a0b9d0cdb339c9c30d42dd2624dafabf44baa
ascii/part-010.b64	2000	a761bfe3ced7e14bf2935acacf2422af90ef3169
ascii/part-011.b64	2000	d8d1b44b67c6a817b8efc1920f8d5c741f652eb1
ascii/part-012.b64	2000	8dbbe3268c124ffaea6548b96b5ac99b339922dc
ascii/part-013.b64	2000	099d36d4d8d7ca550e7e8f2e051c48dca39a86b9
ascii/part-014.b64	2000	519a65cccd5036396d8ca39bc4c9591827da6a6b
ascii/part-015.b64	2000	8dca1c1039a2bda85215495b9e15011eb2cceec7
ascii/part-016.b64	2000	bc13c1c8fba824aaae9ffc8e116f1e3a21b1d552
ascii/part-017.b64	2000	295ab374af39180771881a66f0f6472aaaba531c
ascii/part-018.b64	2000	59bb4dff33fe8f37d91f3904c703b37879838783
ascii/part-019.b64	2000	19a0262f1bc8b9963228a34dbe80277b9ddb4a6d
ascii/part-020.b64	2000	e0f2f7167a07970779007cc01c4f4bc59baab19b
ascii/part-021.b64	2000	3e1ccb1ea42d20798947b93dffc8efc1f6d0c8a1
ascii/part-022.b64	2000	1af0ba62b88efe6080ea7f4c01393dfa3deb9218
ascii/part-023.b64	2000	8ac1dd21c3f41d53793f5eb2ac2027c46ae5bfc4
ascii/part-024.b64	2000	e04efdcdbad830d22abf787acc59c702d616ce72
ascii/part-025.b64	2000	c96d4955159e259b9854cd217a467841e236f538
ascii/part-026.b64	2000	f825931d04b99c3f1ec564023c110fedf0d73176
ascii/part-027.b64	2000	c1c664e86954bbcbc42f52f475e97f785ee70723
ascii/part-028.b64	2000	61a33bacd9e62f4cbbf28640817883d8f82d5af1
ascii/part-029.b64	2000	5ce034b1e02a19a161a87525a1fcccc16fb6260b
ascii/part-030.b64	2000	2410dfd29426b475067c09eedb63f4a060c01dc0
ascii/part-031.b64	2000	10c8fd61d2f61ec0e461d847bd15e6fddf2b556f
ascii/part-032.b64	2000	be61c87afc3bd36d2cdd4db526900f2365dff667
ascii/part-033.b64	1156	335b17d483712bd3365bc4ea8e1980c1ccaf157a
