order	filename	bytes	git_blob_sha1
1	part-001.b64	7000	1241e8875fb71e0408b7a9a600f1e2e5070c6906
2	part-002.b64	7000	11cf6d87b960175fd4e645b3d6dbabb4269e5bb6
3	part-003.b64	7000	98dbee36993b0b4226a6028e9dad202b9f0cb1b7
4	part-004.b64	7000	98d236072dad16e49aa86493def963c45feda345
5	part-005.b64	7000	42caac9c690f9aa90b1317311492f45818c4cfcc
6	part-006.b64	7000	67de57d34452b236892d2aa9c58a37d1ba9edc77
7	part-007.b64	7000	3e9f272fa381961302c3cfb9f3cbb7f207f2999f
8	part-008.b64	7000	5faeb25a96afe2896ed75e734f5cc1b72015ad84
9	part-009.b64	7000	9f0558909d3c33c4cfb3a2f02fb2a5b8703201d5
10	part-010.b64	7000	27d7ea5522d3e476020c0e74e2b7e7f2777daf4d
11	part-011.b64	7000	aa12d243059ddf46e4a73f5975a11324c7cb66e9
12	part-012.b64	7000	9914d93b6e3cdc1a8b82c26db50718784f36df2e
13	part-013.b64	7000	8fb332f2bc8d381bc494b38279216ee7db66ddab
14	part-014.b64	7000	a9d12c9bb6e53f6d5cdbb0253779ed28cadc2f74
15	part-015a.b64	3500	c22de175a6f2565180a178bbc8e714f8639d93cc
16	part-015b.b64	3500	bf65be3107ea5892df6a4fa866fc10041ab69cdd
17	part-016.b64	7000	ca3cef555814bf02338388630c03fd5b7d626d73
18	part-017.b64	7000	ed300f25fcb9236bea9abf45d3a6e1cff702ee0a
19	part-018a.b64	3500	e3182a635d0c101b438492d7fb32cfafbeb9bcd2
20	part-018b.b64	3500	fba74355da82303cce13050e3944e9c95d55555b
21	part-019.b64	7000	519605ad2d2f91e09ab39b4f7934e977c596f16c
22	part-020.b64	7000	f398c8a31f5b0a6c2d0ce4755de2378a143c81c0
23	part-021.b64	7000	430736d30e400e2ad215120fb52ff359a0940838
24	part-022.b64	7000	4fe157e5c0d8f477b3dcc26bec91df74ed6c4057
25	part-023.b64	7000	cdbbb9f5078305a2d3710f1cd10726d899320439
26	part-024.b64	7000	073e76377cbf63ec18283b1aa73d8fa0aa69bb6d
27	part-025.b64	7000	e8e5f42219342070e9b5778b0223c6ada68df19d
28	part-026.b64	7000	19e3b40b1e710f07d679c5b5f1bd3e9c10161552
29	part-027.b64	7000	e87eecacd572ead5c1846ab0e44d0782a3cadd54
30	part-028.b64	7000	d7f173b3c0f232b745d0219d9aa4f2b5d3f9e6a7
31	part-029.b64	4804	3e4a0bb31663d098c5ab86f0d92f95aae06c4563
